<?xml  version="1.0" encoding="UTF-8"?>
<beans:beans xmlns="http://www.springframework.org/schema/mvc"
    xmlns:xsi="http://www.w3.org/2001/XMLSchema-instance" 
    xmlns:beans="http://www.springframework.org/schema/beans"
    xmlns:context="http://www.springframework.org/schema/context" 
    xmlns:mvc="http://www.springframework.org/schema/mvc" 
    xmlns:tx="http://www.springframework.org/schema/tx"
    xsi:schemaLocation="http://www.springframework.org/schema/mvc http://www.springframework.org/schema/mvc/spring-mvc.xsd
        http://www.springframework.org/schema/beans http://www.springframework.org/schema/beans/spring-beans.xsd
        http://www.springframework.org/schema/context http://www.springframework.org/schema/context/spring-context.xsd
        http://www.springframework.org/schema/tx http://www.springframework.org/schema/tx/spring-tx-4.0.xsd">
    <context:annotation-config />

    <beans:bean id="jspViewResolver"
        class="org.springframework.web.servlet.view.InternalResourceViewResolver">
        <beans:property name="viewClass"
            value="org.springframework.web.servlet.view.JstlView"></beans:property>
        <beans:property name="prefix" value="/WEB-INF/view/"></beans:property>
        <beans:property name="suffix" value=".jsp"></beans:property>
    </beans:bean>
    <beans:bean id="messageSource"
        class="org.springframework.context.support.ReloadableResourceBundleMessageSource">
        <beans:property name="basename" value="classpath:messages"></beans:property>
        <beans:property name="defaultEncoding" value="UTF-8"></beans:property>
    </beans:bean>
    <beans:bean id="propertyConfigurer"
        class="org.springframework.beans.factory.config.PropertyPlaceholderConfigurer">
        <beans:property name="location" value="/WEB-INF/jdbc.properties"></beans:property>
    </beans:bean>
    <beans:bean id="dataSource"
        class="org.apache.commons.dbcp.BasicDataSource" destroy-method="close">
         <beans:property name="driverClassName" value="${jdbc.driverClassName}"></beans:property>
         <beans:property name="url" value="${jdbc.databaseurl}"></beans:property>
          <beans:property name="username" value="${jdbc.username}"></beans:property>
          <beans:property name="password" value="${jdbc.password}"></beans:property>
    </beans:bean>
    <beans:bean id="sessionFactory"
        class="org.springframework.orm.hibernate5.LocalSessionFactoryBean">
        <beans:property name="dataSource" ref="dataSource"></beans:property>
          <beans:property name="packagesToScan" value="com.ecommerce.entity"></beans:property>
        <beans:property name="configLocation">
            <beans:value>classpath:hibernate.cfg.xml</beans:value>
        </beans:property>
        <beans:property name="hibernateProperties">
            <beans:props>
                <beans:prop key="hibernate.dialect">${jdbc.dialect}</beans:prop>
                <beans:prop key="hibernate.show_sql">true</beans:prop>
            </beans:props>
        </beans:property>
    </beans:bean>
    <tx:annotation-driven />
    <beans:bean id="transactionManager"
        class="org.springframework.orm.hibernate5.HibernateTransactionManager">
        <beans:property name="sessionFactory" ref="sessionFactory"></beans:property>
    </beans:bean>
</beans:beans>